[
  {
    "id": "5d164fe5-d4af-4258-b9f0-9df0d01f684f",
    "data": [
      {
        "text": "drinks",
        "userDefined": false
      }
    ],
    "isTemplate": false,
    "count": 0,
    "lang": "en",
    "updated": 0
  },
  {
    "id": "b2650f27-d952-420b-8f10-e86ef0244641",
    "data": [
      {
        "text": "desserts",
        "userDefined": false
      }
    ],
    "isTemplate": false,
    "count": 0,
    "lang": "en",
    "updated": 0
  },
  {
    "id": "7cd5cbab-6c0a-4693-993c-8481653fbb2a",
    "data": [
      {
        "text": "dessert/drinks",
        "meta": "@sys.ignore",
        "userDefined": true
      }
    ],
    "isTemplate": false,
    "count": 0,
    "lang": "en",
    "updated": 0
  }
]