[
  {
    "id": "0e5fa805-e876-4ef2-b5f4-a41aa8430e20",
    "data": [
      {
        "text": "munchurian",
        "userDefined": false
      }
    ],
    "isTemplate": false,
    "count": 0,
    "lang": "en",
    "updated": 0
  },
  {
    "id": "6d8449aa-3449-431f-a155-2ed8d391306f",
    "data": [
      {
        "text": "noodles",
        "userDefined": false
      }
    ],
    "isTemplate": false,
    "count": 0,
    "lang": "en",
    "updated": 0
  },
  {
    "id": "8c16550a-7ff4-4338-8e54-e8e85eb04aac",
    "data": [
      {
        "text": "cakes",
        "userDefined": false
      }
    ],
    "isTemplate": false,
    "count": 0,
    "lang": "en",
    "updated": 0
  },
  {
    "id": "ce29cad8-dd93-4866-ad87-8056c2fdfade",
    "data": [
      {
        "text": "taco",
        "userDefined": false
      }
    ],
    "isTemplate": false,
    "count": 0,
    "lang": "en",
    "updated": 0
  },
  {
    "id": "ba16c646-a7d4-4c4d-9926-c89c8284fbe9",
    "data": [
      {
        "text": "burrito",
        "userDefined": false
      }
    ],
    "isTemplate": false,
    "count": 0,
    "lang": "en",
    "updated": 0
  },
  {
    "id": "2facce09-5afa-4433-b43e-8b1dc8dc021d",
    "data": [
      {
        "text": "burger",
        "userDefined": false
      }
    ],
    "isTemplate": false,
    "count": 0,
    "lang": "en",
    "updated": 0
  },
  {
    "id": "e8c5b434-aa38-4710-8632-b7640fd9702a",
    "data": [
      {
        "text": "pizza",
        "userDefined": false
      }
    ],
    "isTemplate": false,
    "count": 0,
    "lang": "en",
    "updated": 0
  },
  {
    "id": "28a1c272-db5b-4ac2-8165-168816268364",
    "data": [
      {
        "text": "peri peri",
        "meta": "@sys.ignore",
        "userDefined": false
      },
      {
        "text": " french ",
        "userDefined": false
      },
      {
        "text": "fries",
        "meta": "@sys.ignore",
        "userDefined": false
      }
    ],
    "isTemplate": false,
    "count": 0,
    "lang": "en",
    "updated": 0
  },
  {
    "id": "c04a359c-67e8-4211-a1f5-5617168c689e",
    "data": [
      {
        "text": "panner tikka",
        "userDefined": false
      }
    ],
    "isTemplate": false,
    "count": 0,
    "lang": "en",
    "updated": 0
  },
  {
    "id": "1ae214af-c6ec-47b8-9fed-7ba36beab794",
    "data": [
      {
        "text": "veg samosa",
        "userDefined": false
      }
    ],
    "isTemplate": false,
    "count": 0,
    "lang": "en",
    "updated": 0
  }
]